locationId,location,parameter,value,date,unit,coordinates,country,city,isMobile,isAnalysis,entity,sensorType
225669,"City Hall, Chiangmai",pm25,30.3,"{'utc': '2023-11-30T00:00:00+00:00', 'local': '2023-11-30T07:00:00+07:00'}",µg/m³,"{'latitude': 18.840732, 'longitude': 98.96978}",TH,,False,,Governmental Organization,reference grade
225669,"City Hall, Chiangmai",pm25,29.2,"{'utc': '2023-11-29T19:00:00+00:00', 'local': '2023-11-30T02:00:00+07:00'}",µg/m³,"{'latitude': 18.840732, 'longitude': 98.96978}",TH,,False,,Governmental Organization,reference grade
225669,"City Hall, Chiangmai",pm25,28.6,"{'utc': '2023-11-29T10:00:00+00:00', 'local': '2023-11-29T17:00:00+07:00'}",µg/m³,"{'latitude': 18.840732, 'longitude': 98.96978}",TH,,False,,Governmental Organization,reference grade
225669,"City Hall, Chiangmai",pm25,26.6,"{'utc': '2023-11-29T05:00:00+00:00', 'local': '2023-11-29T12:00:00+07:00'}",µg/m³,"{'latitude': 18.840732, 'longitude': 98.96978}",TH,,False,,Governmental Organization,reference grade
225669,"City Hall, Chiangmai",pm25,26.1,"{'utc': '2023-11-29T03:00:00+00:00', 'local': '2023-11-29T10:00:00+07:00'}",µg/m³,"{'latitude': 18.840732, 'longitude': 98.96978}",TH,,False,,Governmental Organization,reference grade
225669,"City Hall, Chiangmai",pm25,25.8,"{'utc': '2023-11-29T02:00:00+00:00', 'local': '2023-11-29T09:00:00+07:00'}",µg/m³,"{'latitude': 18.840732, 'longitude': 98.96978}",TH,,False,,Governmental Organization,reference grade
225669,"City Hall, Chiangmai",pm25,25.6,"{'utc': '2023-11-29T01:00:00+00:00', 'local': '2023-11-29T08:00:00+07:00'}",µg/m³,"{'latitude': 18.840732, 'longitude': 98.96978}",TH,,False,,Governmental Organization,reference grade
225669,"City Hall, Chiangmai",pm25,25.3,"{'utc': '2023-11-29T00:00:00+00:00', 'local': '2023-11-29T07:00:00+07:00'}",µg/m³,"{'latitude': 18.840732, 'longitude': 98.96978}",TH,,False,,Governmental Organization,reference grade
225669,"City Hall, Chiangmai",pm25,25.1,"{'utc': '2023-11-28T23:00:00+00:00', 'local': '2023-11-29T06:00:00+07:00'}",µg/m³,"{'latitude': 18.840732, 'longitude': 98.96978}",TH,,False,,Governmental Organization,reference grade
225669,"City Hall, Chiangmai",pm25,24.9,"{'utc': '2023-11-28T07:00:00+00:00', 'local': '2023-11-28T14:00:00+07:00'}",µg/m³,"{'latitude': 18.840732, 'longitude': 98.96978}",TH,,False,,Governmental Organization,reference grade
225669,"City Hall, Chiangmai",pm25,25.1,"{'utc': '2023-11-28T04:00:00+00:00', 'local': '2023-11-28T11:00:00+07:00'}",µg/m³,"{'latitude': 18.840732, 'longitude': 98.96978}",TH,,False,,Governmental Organization,reference grade
225669,"City Hall, Chiangmai",pm25,25.0,"{'utc': '2023-11-28T03:00:00+00:00', 'local': '2023-11-28T10:00:00+07:00'}",µg/m³,"{'latitude': 18.840732, 'longitude': 98.96978}",TH,,False,,Governmental Organization,reference grade
225669,"City Hall, Chiangmai",pm25,25.1,"{'utc': '2023-11-28T01:00:00+00:00', 'local': '2023-11-28T08:00:00+07:00'}",µg/m³,"{'latitude': 18.840732, 'longitude': 98.96978}",TH,,False,,Governmental Organization,reference grade
225669,"City Hall, Chiangmai",pm25,25.2,"{'utc': '2023-11-27T23:00:00+00:00', 'local': '2023-11-28T06:00:00+07:00'}",µg/m³,"{'latitude': 18.840732, 'longitude': 98.96978}",TH,,False,,Governmental Organization,reference grade
225669,"City Hall, Chiangmai",pm25,24.2,"{'utc': '2023-11-27T06:00:00+00:00', 'local': '2023-11-27T13:00:00+07:00'}",µg/m³,"{'latitude': 18.840732, 'longitude': 98.96978}",TH,,False,,Governmental Organization,reference grade
225669,"City Hall, Chiangmai",pm25,23.8,"{'utc': '2023-11-27T03:00:00+00:00', 'local': '2023-11-27T10:00:00+07:00'}",µg/m³,"{'latitude': 18.840732, 'longitude': 98.96978}",TH,,False,,Governmental Organization,reference grade
225669,"City Hall, Chiangmai",pm25,23.5,"{'utc': '2023-11-26T07:00:00+00:00', 'local': '2023-11-26T14:00:00+07:00'}",µg/m³,"{'latitude': 18.840732, 'longitude': 98.96978}",TH,,False,,Governmental Organization,reference grade
225669,"City Hall, Chiangmai",pm25,23.5,"{'utc': '2023-11-26T05:00:00+00:00', 'local': '2023-11-26T12:00:00+07:00'}",µg/m³,"{'latitude': 18.840732, 'longitude': 98.96978}",TH,,False,,Governmental Organization,reference grade
225669,"City Hall, Chiangmai",pm25,23.1,"{'utc': '2023-11-26T03:00:00+00:00', 'local': '2023-11-26T10:00:00+07:00'}",µg/m³,"{'latitude': 18.840732, 'longitude': 98.96978}",TH,,False,,Governmental Organization,reference grade
225669,"City Hall, Chiangmai",pm25,23.1,"{'utc': '2023-11-26T02:00:00+00:00', 'local': '2023-11-26T09:00:00+07:00'}",µg/m³,"{'latitude': 18.840732, 'longitude': 98.96978}",TH,,False,,Governmental Organization,reference grade
225669,"City Hall, Chiangmai",pm25,22.8,"{'utc': '2023-11-26T01:00:00+00:00', 'local': '2023-11-26T08:00:00+07:00'}",µg/m³,"{'latitude': 18.840732, 'longitude': 98.96978}",TH,,False,,Governmental Organization,reference grade
225669,"City Hall, Chiangmai",pm25,22.3,"{'utc': '2023-11-25T17:00:00+00:00', 'local': '2023-11-26T00:00:00+07:00'}",µg/m³,"{'latitude': 18.840732, 'longitude': 98.96978}",TH,,False,,Governmental Organization,reference grade
225669,"City Hall, Chiangmai",pm25,21.7,"{'utc': '2023-11-25T07:00:00+00:00', 'local': '2023-11-25T14:00:00+07:00'}",µg/m³,"{'latitude': 18.840732, 'longitude': 98.96978}",TH,,False,,Governmental Organization,reference grade
225669,"City Hall, Chiangmai",pm25,21.8,"{'utc': '2023-11-25T06:00:00+00:00', 'local': '2023-11-25T13:00:00+07:00'}",µg/m³,"{'latitude': 18.840732, 'longitude': 98.96978}",TH,,False,,Governmental Organization,reference grade
225669,"City Hall, Chiangmai",pm25,24.8,"{'utc': '2023-11-24T11:00:00+00:00', 'local': '2023-11-24T18:00:00+07:00'}",µg/m³,"{'latitude': 18.840732, 'longitude': 98.96978}",TH,,False,,Governmental Organization,reference grade
225669,"City Hall, Chiangmai",pm25,26.5,"{'utc': '2023-11-24T00:00:00+00:00', 'local': '2023-11-24T07:00:00+07:00'}",µg/m³,"{'latitude': 18.840732, 'longitude': 98.96978}",TH,,False,,Governmental Organization,reference grade
225669,"City Hall, Chiangmai",pm25,26.5,"{'utc': '2023-11-23T23:00:00+00:00', 'local': '2023-11-24T06:00:00+07:00'}",µg/m³,"{'latitude': 18.840732, 'longitude': 98.96978}",TH,,False,,Governmental Organization,reference grade
225669,"City Hall, Chiangmai",pm25,23.5,"{'utc': '2023-11-23T09:00:00+00:00', 'local': '2023-11-23T16:00:00+07:00'}",µg/m³,"{'latitude': 18.840732, 'longitude': 98.96978}",TH,,False,,Governmental Organization,reference grade
225669,"City Hall, Chiangmai",pm25,23.1,"{'utc': '2023-11-23T08:00:00+00:00', 'local': '2023-11-23T15:00:00+07:00'}",µg/m³,"{'latitude': 18.840732, 'longitude': 98.96978}",TH,,False,,Governmental Organization,reference grade
225669,"City Hall, Chiangmai",pm25,22.9,"{'utc': '2023-11-23T06:00:00+00:00', 'local': '2023-11-23T13:00:00+07:00'}",µg/m³,"{'latitude': 18.840732, 'longitude': 98.96978}",TH,,False,,Governmental Organization,reference grade
225669,"City Hall, Chiangmai",pm25,22.8,"{'utc': '2023-11-23T05:00:00+00:00', 'local': '2023-11-23T12:00:00+07:00'}",µg/m³,"{'latitude': 18.840732, 'longitude': 98.96978}",TH,,False,,Governmental Organization,reference grade
225669,"City Hall, Chiangmai",pm25,22.7,"{'utc': '2023-11-23T01:00:00+00:00', 'local': '2023-11-23T08:00:00+07:00'}",µg/m³,"{'latitude': 18.840732, 'longitude': 98.96978}",TH,,False,,Governmental Organization,reference grade
225669,"City Hall, Chiangmai",pm25,22.7,"{'utc': '2023-11-23T00:00:00+00:00', 'local': '2023-11-23T07:00:00+07:00'}",µg/m³,"{'latitude': 18.840732, 'longitude': 98.96978}",TH,,False,,Governmental Organization,reference grade
225669,"City Hall, Chiangmai",pm25,22.9,"{'utc': '2023-11-22T11:00:00+00:00', 'local': '2023-11-22T18:00:00+07:00'}",µg/m³,"{'latitude': 18.840732, 'longitude': 98.96978}",TH,,False,,Governmental Organization,reference grade
225669,"City Hall, Chiangmai",pm25,22.8,"{'utc': '2023-11-22T10:00:00+00:00', 'local': '2023-11-22T17:00:00+07:00'}",µg/m³,"{'latitude': 18.840732, 'longitude': 98.96978}",TH,,False,,Governmental Organization,reference grade
225669,"City Hall, Chiangmai",pm25,22.8,"{'utc': '2023-11-22T07:00:00+00:00', 'local': '2023-11-22T14:00:00+07:00'}",µg/m³,"{'latitude': 18.840732, 'longitude': 98.96978}",TH,,False,,Governmental Organization,reference grade
225669,"City Hall, Chiangmai",pm25,22.2,"{'utc': '2023-11-22T03:00:00+00:00', 'local': '2023-11-22T10:00:00+07:00'}",µg/m³,"{'latitude': 18.840732, 'longitude': 98.96978}",TH,,False,,Governmental Organization,reference grade
225669,"City Hall, Chiangmai",pm25,22.3,"{'utc': '2023-11-22T02:00:00+00:00', 'local': '2023-11-22T09:00:00+07:00'}",µg/m³,"{'latitude': 18.840732, 'longitude': 98.96978}",TH,,False,,Governmental Organization,reference grade
225669,"City Hall, Chiangmai",pm25,20.2,"{'utc': '2023-11-21T13:00:00+00:00', 'local': '2023-11-21T20:00:00+07:00'}",µg/m³,"{'latitude': 18.840732, 'longitude': 98.96978}",TH,,False,,Governmental Organization,reference grade
225669,"City Hall, Chiangmai",pm25,20.1,"{'utc': '2023-11-21T09:00:00+00:00', 'local': '2023-11-21T16:00:00+07:00'}",µg/m³,"{'latitude': 18.840732, 'longitude': 98.96978}",TH,,False,,Governmental Organization,reference grade
225669,"City Hall, Chiangmai",pm25,19.7,"{'utc': '2023-11-21T05:00:00+00:00', 'local': '2023-11-21T12:00:00+07:00'}",µg/m³,"{'latitude': 18.840732, 'longitude': 98.96978}",TH,,False,,Governmental Organization,reference grade
225669,"City Hall, Chiangmai",pm25,19.6,"{'utc': '2023-11-21T03:00:00+00:00', 'local': '2023-11-21T10:00:00+07:00'}",µg/m³,"{'latitude': 18.840732, 'longitude': 98.96978}",TH,,False,,Governmental Organization,reference grade
225669,"City Hall, Chiangmai",pm25,19.8,"{'utc': '2023-11-21T02:00:00+00:00', 'local': '2023-11-21T09:00:00+07:00'}",µg/m³,"{'latitude': 18.840732, 'longitude': 98.96978}",TH,,False,,Governmental Organization,reference grade
225669,"City Hall, Chiangmai",pm25,19.8,"{'utc': '2023-11-21T00:00:00+00:00', 'local': '2023-11-21T07:00:00+07:00'}",µg/m³,"{'latitude': 18.840732, 'longitude': 98.96978}",TH,,False,,Governmental Organization,reference grade
225669,"City Hall, Chiangmai",pm25,20.0,"{'utc': '2023-11-20T23:00:00+00:00', 'local': '2023-11-21T06:00:00+07:00'}",µg/m³,"{'latitude': 18.840732, 'longitude': 98.96978}",TH,,False,,Governmental Organization,reference grade
225669,"City Hall, Chiangmai",pm25,21.0,"{'utc': '2023-11-20T09:00:00+00:00', 'local': '2023-11-20T16:00:00+07:00'}",µg/m³,"{'latitude': 18.840732, 'longitude': 98.96978}",TH,,False,,Governmental Organization,reference grade
225669,"City Hall, Chiangmai",pm25,21.2,"{'utc': '2023-11-20T05:00:00+00:00', 'local': '2023-11-20T12:00:00+07:00'}",µg/m³,"{'latitude': 18.840732, 'longitude': 98.96978}",TH,,False,,Governmental Organization,reference grade
225669,"City Hall, Chiangmai",pm25,20.9,"{'utc': '2023-11-19T23:00:00+00:00', 'local': '2023-11-20T06:00:00+07:00'}",µg/m³,"{'latitude': 18.840732, 'longitude': 98.96978}",TH,,False,,Governmental Organization,reference grade
225669,"City Hall, Chiangmai",pm25,20.4,"{'utc': '2023-11-19T18:00:00+00:00', 'local': '2023-11-20T01:00:00+07:00'}",µg/m³,"{'latitude': 18.840732, 'longitude': 98.96978}",TH,,False,,Governmental Organization,reference grade
225669,"City Hall, Chiangmai",pm25,21.0,"{'utc': '2023-11-19T08:00:00+00:00', 'local': '2023-11-19T15:00:00+07:00'}",µg/m³,"{'latitude': 18.840732, 'longitude': 98.96978}",TH,,False,,Governmental Organization,reference grade
225669,"City Hall, Chiangmai",pm25,20.8,"{'utc': '2023-11-19T07:00:00+00:00', 'local': '2023-11-19T14:00:00+07:00'}",µg/m³,"{'latitude': 18.840732, 'longitude': 98.96978}",TH,,False,,Governmental Organization,reference grade
225669,"City Hall, Chiangmai",pm25,20.4,"{'utc': '2023-11-19T05:00:00+00:00', 'local': '2023-11-19T12:00:00+07:00'}",µg/m³,"{'latitude': 18.840732, 'longitude': 98.96978}",TH,,False,,Governmental Organization,reference grade
225669,"City Hall, Chiangmai",pm25,20.2,"{'utc': '2023-11-19T04:00:00+00:00', 'local': '2023-11-19T11:00:00+07:00'}",µg/m³,"{'latitude': 18.840732, 'longitude': 98.96978}",TH,,False,,Governmental Organization,reference grade
225669,"City Hall, Chiangmai",pm25,19.9,"{'utc': '2023-11-19T01:00:00+00:00', 'local': '2023-11-19T08:00:00+07:00'}",µg/m³,"{'latitude': 18.840732, 'longitude': 98.96978}",TH,,False,,Governmental Organization,reference grade
225669,"City Hall, Chiangmai",pm25,19.8,"{'utc': '2023-11-19T00:00:00+00:00', 'local': '2023-11-19T07:00:00+07:00'}",µg/m³,"{'latitude': 18.840732, 'longitude': 98.96978}",TH,,False,,Governmental Organization,reference grade
225669,"City Hall, Chiangmai",pm25,16.2,"{'utc': '2023-11-18T08:00:00+00:00', 'local': '2023-11-18T15:00:00+07:00'}",µg/m³,"{'latitude': 18.840732, 'longitude': 98.96978}",TH,,False,,Governmental Organization,reference grade
225669,"City Hall, Chiangmai",pm25,15.8,"{'utc': '2023-11-18T06:00:00+00:00', 'local': '2023-11-18T13:00:00+07:00'}",µg/m³,"{'latitude': 18.840732, 'longitude': 98.96978}",TH,,False,,Governmental Organization,reference grade
225669,"City Hall, Chiangmai",pm25,15.8,"{'utc': '2023-11-18T05:00:00+00:00', 'local': '2023-11-18T12:00:00+07:00'}",µg/m³,"{'latitude': 18.840732, 'longitude': 98.96978}",TH,,False,,Governmental Organization,reference grade
225669,"City Hall, Chiangmai",pm25,14.9,"{'utc': '2023-11-18T02:00:00+00:00', 'local': '2023-11-18T09:00:00+07:00'}",µg/m³,"{'latitude': 18.840732, 'longitude': 98.96978}",TH,,False,,Governmental Organization,reference grade
225669,"City Hall, Chiangmai",pm25,13.9,"{'utc': '2023-11-17T23:00:00+00:00', 'local': '2023-11-18T06:00:00+07:00'}",µg/m³,"{'latitude': 18.840732, 'longitude': 98.96978}",TH,,False,,Governmental Organization,reference grade
225669,"City Hall, Chiangmai",pm25,11.3,"{'utc': '2023-11-17T13:00:00+00:00', 'local': '2023-11-17T20:00:00+07:00'}",µg/m³,"{'latitude': 18.840732, 'longitude': 98.96978}",TH,,False,,Governmental Organization,reference grade
225669,"City Hall, Chiangmai",pm25,11.5,"{'utc': '2023-11-17T07:00:00+00:00', 'local': '2023-11-17T14:00:00+07:00'}",µg/m³,"{'latitude': 18.840732, 'longitude': 98.96978}",TH,,False,,Governmental Organization,reference grade
225669,"City Hall, Chiangmai",pm25,12.0,"{'utc': '2023-11-17T05:00:00+00:00', 'local': '2023-11-17T12:00:00+07:00'}",µg/m³,"{'latitude': 18.840732, 'longitude': 98.96978}",TH,,False,,Governmental Organization,reference grade
225669,"City Hall, Chiangmai",pm25,13.6,"{'utc': '2023-11-16T23:00:00+00:00', 'local': '2023-11-17T06:00:00+07:00'}",µg/m³,"{'latitude': 18.840732, 'longitude': 98.96978}",TH,,False,,Governmental Organization,reference grade
225669,"City Hall, Chiangmai",pm25,14.9,"{'utc': '2023-11-16T09:00:00+00:00', 'local': '2023-11-16T16:00:00+07:00'}",µg/m³,"{'latitude': 18.840732, 'longitude': 98.96978}",TH,,False,,Governmental Organization,reference grade
225669,"City Hall, Chiangmai",pm25,14.4,"{'utc': '2023-11-16T07:00:00+00:00', 'local': '2023-11-16T14:00:00+07:00'}",µg/m³,"{'latitude': 18.840732, 'longitude': 98.96978}",TH,,False,,Governmental Organization,reference grade
225669,"City Hall, Chiangmai",pm25,14.2,"{'utc': '2023-11-16T03:00:00+00:00', 'local': '2023-11-16T10:00:00+07:00'}",µg/m³,"{'latitude': 18.840732, 'longitude': 98.96978}",TH,,False,,Governmental Organization,reference grade
225669,"City Hall, Chiangmai",pm25,13.8,"{'utc': '2023-11-15T23:00:00+00:00', 'local': '2023-11-16T06:00:00+07:00'}",µg/m³,"{'latitude': 18.840732, 'longitude': 98.96978}",TH,,False,,Governmental Organization,reference grade
225669,"City Hall, Chiangmai",pm25,13.5,"{'utc': '2023-11-15T21:00:00+00:00', 'local': '2023-11-16T04:00:00+07:00'}",µg/m³,"{'latitude': 18.840732, 'longitude': 98.96978}",TH,,False,,Governmental Organization,reference grade
225669,"City Hall, Chiangmai",pm25,13.4,"{'utc': '2023-11-15T11:00:00+00:00', 'local': '2023-11-15T18:00:00+07:00'}",µg/m³,"{'latitude': 18.840732, 'longitude': 98.96978}",TH,,False,,Governmental Organization,reference grade
225669,"City Hall, Chiangmai",pm25,13.1,"{'utc': '2023-11-15T09:00:00+00:00', 'local': '2023-11-15T16:00:00+07:00'}",µg/m³,"{'latitude': 18.840732, 'longitude': 98.96978}",TH,,False,,Governmental Organization,reference grade
225669,"City Hall, Chiangmai",pm25,13.0,"{'utc': '2023-11-15T08:00:00+00:00', 'local': '2023-11-15T15:00:00+07:00'}",µg/m³,"{'latitude': 18.840732, 'longitude': 98.96978}",TH,,False,,Governmental Organization,reference grade
225669,"City Hall, Chiangmai",pm25,13.2,"{'utc': '2023-11-15T07:00:00+00:00', 'local': '2023-11-15T14:00:00+07:00'}",µg/m³,"{'latitude': 18.840732, 'longitude': 98.96978}",TH,,False,,Governmental Organization,reference grade
225669,"City Hall, Chiangmai",pm25,13.1,"{'utc': '2023-11-15T06:00:00+00:00', 'local': '2023-11-15T13:00:00+07:00'}",µg/m³,"{'latitude': 18.840732, 'longitude': 98.96978}",TH,,False,,Governmental Organization,reference grade
225669,"City Hall, Chiangmai",pm25,12.8,"{'utc': '2023-11-15T03:00:00+00:00', 'local': '2023-11-15T10:00:00+07:00'}",µg/m³,"{'latitude': 18.840732, 'longitude': 98.96978}",TH,,False,,Governmental Organization,reference grade
225669,"City Hall, Chiangmai",pm25,13.1,"{'utc': '2023-11-14T23:00:00+00:00', 'local': '2023-11-15T06:00:00+07:00'}",µg/m³,"{'latitude': 18.840732, 'longitude': 98.96978}",TH,,False,,Governmental Organization,reference grade
225669,"City Hall, Chiangmai",pm25,13.1,"{'utc': '2023-11-14T16:00:00+00:00', 'local': '2023-11-14T23:00:00+07:00'}",µg/m³,"{'latitude': 18.840732, 'longitude': 98.96978}",TH,,False,,Governmental Organization,reference grade
225669,"City Hall, Chiangmai",pm25,13.0,"{'utc': '2023-11-14T11:00:00+00:00', 'local': '2023-11-14T18:00:00+07:00'}",µg/m³,"{'latitude': 18.840732, 'longitude': 98.96978}",TH,,False,,Governmental Organization,reference grade
225669,"City Hall, Chiangmai",pm25,13.7,"{'utc': '2023-11-14T09:00:00+00:00', 'local': '2023-11-14T16:00:00+07:00'}",µg/m³,"{'latitude': 18.840732, 'longitude': 98.96978}",TH,,False,,Governmental Organization,reference grade
225669,"City Hall, Chiangmai",pm25,14.0,"{'utc': '2023-11-14T08:00:00+00:00', 'local': '2023-11-14T15:00:00+07:00'}",µg/m³,"{'latitude': 18.840732, 'longitude': 98.96978}",TH,,False,,Governmental Organization,reference grade
225669,"City Hall, Chiangmai",pm25,14.2,"{'utc': '2023-11-14T07:00:00+00:00', 'local': '2023-11-14T14:00:00+07:00'}",µg/m³,"{'latitude': 18.840732, 'longitude': 98.96978}",TH,,False,,Governmental Organization,reference grade
225669,"City Hall, Chiangmai",pm25,14.4,"{'utc': '2023-11-14T05:00:00+00:00', 'local': '2023-11-14T12:00:00+07:00'}",µg/m³,"{'latitude': 18.840732, 'longitude': 98.96978}",TH,,False,,Governmental Organization,reference grade
225669,"City Hall, Chiangmai",pm25,14.4,"{'utc': '2023-11-14T04:00:00+00:00', 'local': '2023-11-14T11:00:00+07:00'}",µg/m³,"{'latitude': 18.840732, 'longitude': 98.96978}",TH,,False,,Governmental Organization,reference grade
225669,"City Hall, Chiangmai",pm25,14.5,"{'utc': '2023-11-13T23:00:00+00:00', 'local': '2023-11-14T06:00:00+07:00'}",µg/m³,"{'latitude': 18.840732, 'longitude': 98.96978}",TH,,False,,Governmental Organization,reference grade
225669,"City Hall, Chiangmai",pm25,16.0,"{'utc': '2023-11-13T08:00:00+00:00', 'local': '2023-11-13T15:00:00+07:00'}",µg/m³,"{'latitude': 18.840732, 'longitude': 98.96978}",TH,,False,,Governmental Organization,reference grade
225669,"City Hall, Chiangmai",pm25,16.0,"{'utc': '2023-11-13T06:00:00+00:00', 'local': '2023-11-13T13:00:00+07:00'}",µg/m³,"{'latitude': 18.840732, 'longitude': 98.96978}",TH,,False,,Governmental Organization,reference grade
225669,"City Hall, Chiangmai",pm25,16.0,"{'utc': '2023-11-13T05:00:00+00:00', 'local': '2023-11-13T12:00:00+07:00'}",µg/m³,"{'latitude': 18.840732, 'longitude': 98.96978}",TH,,False,,Governmental Organization,reference grade
225669,"City Hall, Chiangmai",pm25,16.0,"{'utc': '2023-11-13T03:00:00+00:00', 'local': '2023-11-13T10:00:00+07:00'}",µg/m³,"{'latitude': 18.840732, 'longitude': 98.96978}",TH,,False,,Governmental Organization,reference grade
225669,"City Hall, Chiangmai",pm25,16.5,"{'utc': '2023-11-13T01:00:00+00:00', 'local': '2023-11-13T08:00:00+07:00'}",µg/m³,"{'latitude': 18.840732, 'longitude': 98.96978}",TH,,False,,Governmental Organization,reference grade
225669,"City Hall, Chiangmai",pm25,16.9,"{'utc': '2023-11-13T00:00:00+00:00', 'local': '2023-11-13T07:00:00+07:00'}",µg/m³,"{'latitude': 18.840732, 'longitude': 98.96978}",TH,,False,,Governmental Organization,reference grade
225669,"City Hall, Chiangmai",pm25,19.4,"{'utc': '2023-11-12T08:00:00+00:00', 'local': '2023-11-12T15:00:00+07:00'}",µg/m³,"{'latitude': 18.840732, 'longitude': 98.96978}",TH,,False,,Governmental Organization,reference grade
225669,"City Hall, Chiangmai",pm25,19.5,"{'utc': '2023-11-12T07:00:00+00:00', 'local': '2023-11-12T14:00:00+07:00'}",µg/m³,"{'latitude': 18.840732, 'longitude': 98.96978}",TH,,False,,Governmental Organization,reference grade
225669,"City Hall, Chiangmai",pm25,19.7,"{'utc': '2023-11-12T04:00:00+00:00', 'local': '2023-11-12T11:00:00+07:00'}",µg/m³,"{'latitude': 18.840732, 'longitude': 98.96978}",TH,,False,,Governmental Organization,reference grade
225669,"City Hall, Chiangmai",pm25,19.9,"{'utc': '2023-11-12T03:00:00+00:00', 'local': '2023-11-12T10:00:00+07:00'}",µg/m³,"{'latitude': 18.840732, 'longitude': 98.96978}",TH,,False,,Governmental Organization,reference grade
225669,"City Hall, Chiangmai",pm25,19.9,"{'utc': '2023-11-12T02:00:00+00:00', 'local': '2023-11-12T09:00:00+07:00'}",µg/m³,"{'latitude': 18.840732, 'longitude': 98.96978}",TH,,False,,Governmental Organization,reference grade
225669,"City Hall, Chiangmai",pm25,19.4,"{'utc': '2023-11-11T15:00:00+00:00', 'local': '2023-11-11T22:00:00+07:00'}",µg/m³,"{'latitude': 18.840732, 'longitude': 98.96978}",TH,,False,,Governmental Organization,reference grade
225669,"City Hall, Chiangmai",pm25,18.6,"{'utc': '2023-11-11T13:00:00+00:00', 'local': '2023-11-11T20:00:00+07:00'}",µg/m³,"{'latitude': 18.840732, 'longitude': 98.96978}",TH,,False,,Governmental Organization,reference grade
225669,"City Hall, Chiangmai",pm25,18.6,"{'utc': '2023-11-11T12:00:00+00:00', 'local': '2023-11-11T19:00:00+07:00'}",µg/m³,"{'latitude': 18.840732, 'longitude': 98.96978}",TH,,False,,Governmental Organization,reference grade
225669,"City Hall, Chiangmai",pm25,18.5,"{'utc': '2023-11-11T09:00:00+00:00', 'local': '2023-11-11T16:00:00+07:00'}",µg/m³,"{'latitude': 18.840732, 'longitude': 98.96978}",TH,,False,,Governmental Organization,reference grade
225669,"City Hall, Chiangmai",pm25,18.3,"{'utc': '2023-11-11T04:00:00+00:00', 'local': '2023-11-11T11:00:00+07:00'}",µg/m³,"{'latitude': 18.840732, 'longitude': 98.96978}",TH,,False,,Governmental Organization,reference grade
225669,"City Hall, Chiangmai",pm25,18.2,"{'utc': '2023-11-11T03:00:00+00:00', 'local': '2023-11-11T10:00:00+07:00'}",µg/m³,"{'latitude': 18.840732, 'longitude': 98.96978}",TH,,False,,Governmental Organization,reference grade
225669,"City Hall, Chiangmai",pm25,18.0,"{'utc': '2023-11-11T02:00:00+00:00', 'local': '2023-11-11T09:00:00+07:00'}",µg/m³,"{'latitude': 18.840732, 'longitude': 98.96978}",TH,,False,,Governmental Organization,reference grade
225669,"City Hall, Chiangmai",pm25,18.3,"{'utc': '2023-11-10T20:00:00+00:00', 'local': '2023-11-11T03:00:00+07:00'}",µg/m³,"{'latitude': 18.840732, 'longitude': 98.96978}",TH,,False,,Governmental Organization,reference grade
225669,"City Hall, Chiangmai",pm25,17.2,"{'utc': '2023-11-10T15:00:00+00:00', 'local': '2023-11-10T22:00:00+07:00'}",µg/m³,"{'latitude': 18.840732, 'longitude': 98.96978}",TH,,False,,Governmental Organization,reference grade
225669,"City Hall, Chiangmai",pm25,17.1,"{'utc': '2023-11-10T09:00:00+00:00', 'local': '2023-11-10T16:00:00+07:00'}",µg/m³,"{'latitude': 18.840732, 'longitude': 98.96978}",TH,,False,,Governmental Organization,reference grade
225669,"City Hall, Chiangmai",pm25,17.0,"{'utc': '2023-11-10T08:00:00+00:00', 'local': '2023-11-10T15:00:00+07:00'}",µg/m³,"{'latitude': 18.840732, 'longitude': 98.96978}",TH,,False,,Governmental Organization,reference grade
225669,"City Hall, Chiangmai",pm25,17.0,"{'utc': '2023-11-10T06:00:00+00:00', 'local': '2023-11-10T13:00:00+07:00'}",µg/m³,"{'latitude': 18.840732, 'longitude': 98.96978}",TH,,False,,Governmental Organization,reference grade
225669,"City Hall, Chiangmai",pm25,16.4,"{'utc': '2023-11-09T07:00:00+00:00', 'local': '2023-11-09T14:00:00+07:00'}",µg/m³,"{'latitude': 18.840732, 'longitude': 98.96978}",TH,,False,,Governmental Organization,reference grade
225669,"City Hall, Chiangmai",pm25,16.5,"{'utc': '2023-11-09T05:00:00+00:00', 'local': '2023-11-09T12:00:00+07:00'}",µg/m³,"{'latitude': 18.840732, 'longitude': 98.96978}",TH,,False,,Governmental Organization,reference grade
225669,"City Hall, Chiangmai",pm25,16.9,"{'utc': '2023-11-09T01:00:00+00:00', 'local': '2023-11-09T08:00:00+07:00'}",µg/m³,"{'latitude': 18.840732, 'longitude': 98.96978}",TH,,False,,Governmental Organization,reference grade
225669,"City Hall, Chiangmai",pm25,17.2,"{'utc': '2023-11-09T00:00:00+00:00', 'local': '2023-11-09T07:00:00+07:00'}",µg/m³,"{'latitude': 18.840732, 'longitude': 98.96978}",TH,,False,,Governmental Organization,reference grade
225669,"City Hall, Chiangmai",pm25,17.4,"{'utc': '2023-11-08T23:00:00+00:00', 'local': '2023-11-09T06:00:00+07:00'}",µg/m³,"{'latitude': 18.840732, 'longitude': 98.96978}",TH,,False,,Governmental Organization,reference grade
225669,"City Hall, Chiangmai",pm25,18.7,"{'utc': '2023-11-08T10:00:00+00:00', 'local': '2023-11-08T17:00:00+07:00'}",µg/m³,"{'latitude': 18.840732, 'longitude': 98.96978}",TH,,False,,Governmental Organization,reference grade
225669,"City Hall, Chiangmai",pm25,18.7,"{'utc': '2023-11-08T09:00:00+00:00', 'local': '2023-11-08T16:00:00+07:00'}",µg/m³,"{'latitude': 18.840732, 'longitude': 98.96978}",TH,,False,,Governmental Organization,reference grade
225669,"City Hall, Chiangmai",pm25,18.9,"{'utc': '2023-11-08T08:00:00+00:00', 'local': '2023-11-08T15:00:00+07:00'}",µg/m³,"{'latitude': 18.840732, 'longitude': 98.96978}",TH,,False,,Governmental Organization,reference grade
225669,"City Hall, Chiangmai",pm25,18.9,"{'utc': '2023-11-08T07:00:00+00:00', 'local': '2023-11-08T14:00:00+07:00'}",µg/m³,"{'latitude': 18.840732, 'longitude': 98.96978}",TH,,False,,Governmental Organization,reference grade
225669,"City Hall, Chiangmai",pm25,19.0,"{'utc': '2023-11-08T06:00:00+00:00', 'local': '2023-11-08T13:00:00+07:00'}",µg/m³,"{'latitude': 18.840732, 'longitude': 98.96978}",TH,,False,,Governmental Organization,reference grade
225669,"City Hall, Chiangmai",pm25,19.3,"{'utc': '2023-11-08T00:00:00+00:00', 'local': '2023-11-08T07:00:00+07:00'}",µg/m³,"{'latitude': 18.840732, 'longitude': 98.96978}",TH,,False,,Governmental Organization,reference grade
225669,"City Hall, Chiangmai",pm25,19.1,"{'utc': '2023-11-07T23:00:00+00:00', 'local': '2023-11-08T06:00:00+07:00'}",µg/m³,"{'latitude': 18.840732, 'longitude': 98.96978}",TH,,False,,Governmental Organization,reference grade
225669,"City Hall, Chiangmai",pm25,18.5,"{'utc': '2023-11-07T19:00:00+00:00', 'local': '2023-11-08T02:00:00+07:00'}",µg/m³,"{'latitude': 18.840732, 'longitude': 98.96978}",TH,,False,,Governmental Organization,reference grade
225669,"City Hall, Chiangmai",pm25,18.3,"{'utc': '2023-11-07T15:00:00+00:00', 'local': '2023-11-07T22:00:00+07:00'}",µg/m³,"{'latitude': 18.840732, 'longitude': 98.96978}",TH,,False,,Governmental Organization,reference grade
225669,"City Hall, Chiangmai",pm25,17.1,"{'utc': '2023-11-07T08:00:00+00:00', 'local': '2023-11-07T15:00:00+07:00'}",µg/m³,"{'latitude': 18.840732, 'longitude': 98.96978}",TH,,False,,Governmental Organization,reference grade
225669,"City Hall, Chiangmai",pm25,16.7,"{'utc': '2023-11-07T05:00:00+00:00', 'local': '2023-11-07T12:00:00+07:00'}",µg/m³,"{'latitude': 18.840732, 'longitude': 98.96978}",TH,,False,,Governmental Organization,reference grade
225669,"City Hall, Chiangmai",pm25,16.4,"{'utc': '2023-11-07T04:00:00+00:00', 'local': '2023-11-07T11:00:00+07:00'}",µg/m³,"{'latitude': 18.840732, 'longitude': 98.96978}",TH,,False,,Governmental Organization,reference grade
225669,"City Hall, Chiangmai",pm25,16.0,"{'utc': '2023-11-07T03:00:00+00:00', 'local': '2023-11-07T10:00:00+07:00'}",µg/m³,"{'latitude': 18.840732, 'longitude': 98.96978}",TH,,False,,Governmental Organization,reference grade
225669,"City Hall, Chiangmai",pm25,14.9,"{'utc': '2023-11-06T23:00:00+00:00', 'local': '2023-11-07T06:00:00+07:00'}",µg/m³,"{'latitude': 18.840732, 'longitude': 98.96978}",TH,,False,,Governmental Organization,reference grade
225669,"City Hall, Chiangmai",pm25,14.5,"{'utc': '2023-11-06T13:00:00+00:00', 'local': '2023-11-06T20:00:00+07:00'}",µg/m³,"{'latitude': 18.840732, 'longitude': 98.96978}",TH,,False,,Governmental Organization,reference grade
225669,"City Hall, Chiangmai",pm25,14.3,"{'utc': '2023-11-06T09:00:00+00:00', 'local': '2023-11-06T16:00:00+07:00'}",µg/m³,"{'latitude': 18.840732, 'longitude': 98.96978}",TH,,False,,Governmental Organization,reference grade
225669,"City Hall, Chiangmai",pm25,14.6,"{'utc': '2023-11-06T05:00:00+00:00', 'local': '2023-11-06T12:00:00+07:00'}",µg/m³,"{'latitude': 18.840732, 'longitude': 98.96978}",TH,,False,,Governmental Organization,reference grade
225669,"City Hall, Chiangmai",pm25,14.8,"{'utc': '2023-11-06T04:00:00+00:00', 'local': '2023-11-06T11:00:00+07:00'}",µg/m³,"{'latitude': 18.840732, 'longitude': 98.96978}",TH,,False,,Governmental Organization,reference grade
225669,"City Hall, Chiangmai",pm25,15.1,"{'utc': '2023-11-05T20:00:00+00:00', 'local': '2023-11-06T03:00:00+07:00'}",µg/m³,"{'latitude': 18.840732, 'longitude': 98.96978}",TH,,False,,Governmental Organization,reference grade
225669,"City Hall, Chiangmai",pm25,15.6,"{'utc': '2023-11-05T16:00:00+00:00', 'local': '2023-11-05T23:00:00+07:00'}",µg/m³,"{'latitude': 18.840732, 'longitude': 98.96978}",TH,,False,,Governmental Organization,reference grade
225669,"City Hall, Chiangmai",pm25,15.2,"{'utc': '2023-11-05T15:00:00+00:00', 'local': '2023-11-05T22:00:00+07:00'}",µg/m³,"{'latitude': 18.840732, 'longitude': 98.96978}",TH,,False,,Governmental Organization,reference grade
225669,"City Hall, Chiangmai",pm25,15.1,"{'utc': '2023-11-05T14:00:00+00:00', 'local': '2023-11-05T21:00:00+07:00'}",µg/m³,"{'latitude': 18.840732, 'longitude': 98.96978}",TH,,False,,Governmental Organization,reference grade
225669,"City Hall, Chiangmai",pm25,14.6,"{'utc': '2023-11-05T09:00:00+00:00', 'local': '2023-11-05T16:00:00+07:00'}",µg/m³,"{'latitude': 18.840732, 'longitude': 98.96978}",TH,,False,,Governmental Organization,reference grade
225669,"City Hall, Chiangmai",pm25,14.4,"{'utc': '2023-11-05T08:00:00+00:00', 'local': '2023-11-05T15:00:00+07:00'}",µg/m³,"{'latitude': 18.840732, 'longitude': 98.96978}",TH,,False,,Governmental Organization,reference grade
225669,"City Hall, Chiangmai",pm25,14.4,"{'utc': '2023-11-05T05:00:00+00:00', 'local': '2023-11-05T12:00:00+07:00'}",µg/m³,"{'latitude': 18.840732, 'longitude': 98.96978}",TH,,False,,Governmental Organization,reference grade
225669,"City Hall, Chiangmai",pm25,14.3,"{'utc': '2023-11-05T01:00:00+00:00', 'local': '2023-11-05T08:00:00+07:00'}",µg/m³,"{'latitude': 18.840732, 'longitude': 98.96978}",TH,,False,,Governmental Organization,reference grade
225669,"City Hall, Chiangmai",pm25,14.1,"{'utc': '2023-11-05T00:00:00+00:00', 'local': '2023-11-05T07:00:00+07:00'}",µg/m³,"{'latitude': 18.840732, 'longitude': 98.96978}",TH,,False,,Governmental Organization,reference grade
225669,"City Hall, Chiangmai",pm25,14.2,"{'utc': '2023-11-04T23:00:00+00:00', 'local': '2023-11-05T06:00:00+07:00'}",µg/m³,"{'latitude': 18.840732, 'longitude': 98.96978}",TH,,False,,Governmental Organization,reference grade
225669,"City Hall, Chiangmai",pm25,14.9,"{'utc': '2023-11-04T09:00:00+00:00', 'local': '2023-11-04T16:00:00+07:00'}",µg/m³,"{'latitude': 18.840732, 'longitude': 98.96978}",TH,,False,,Governmental Organization,reference grade
225669,"City Hall, Chiangmai",pm25,15.1,"{'utc': '2023-11-04T08:00:00+00:00', 'local': '2023-11-04T15:00:00+07:00'}",µg/m³,"{'latitude': 18.840732, 'longitude': 98.96978}",TH,,False,,Governmental Organization,reference grade
225669,"City Hall, Chiangmai",pm25,15.1,"{'utc': '2023-11-04T06:00:00+00:00', 'local': '2023-11-04T13:00:00+07:00'}",µg/m³,"{'latitude': 18.840732, 'longitude': 98.96978}",TH,,False,,Governmental Organization,reference grade
225669,"City Hall, Chiangmai",pm25,15.1,"{'utc': '2023-11-04T02:00:00+00:00', 'local': '2023-11-04T09:00:00+07:00'}",µg/m³,"{'latitude': 18.840732, 'longitude': 98.96978}",TH,,False,,Governmental Organization,reference grade
225669,"City Hall, Chiangmai",pm25,15.4,"{'utc': '2023-11-03T23:00:00+00:00', 'local': '2023-11-04T06:00:00+07:00'}",µg/m³,"{'latitude': 18.840732, 'longitude': 98.96978}",TH,,False,,Governmental Organization,reference grade
225669,"City Hall, Chiangmai",pm25,14.9,"{'utc': '2023-11-03T12:00:00+00:00', 'local': '2023-11-03T19:00:00+07:00'}",µg/m³,"{'latitude': 18.840732, 'longitude': 98.96978}",TH,,False,,Governmental Organization,reference grade
225669,"City Hall, Chiangmai",pm25,14.9,"{'utc': '2023-11-03T11:00:00+00:00', 'local': '2023-11-03T18:00:00+07:00'}",µg/m³,"{'latitude': 18.840732, 'longitude': 98.96978}",TH,,False,,Governmental Organization,reference grade
225669,"City Hall, Chiangmai",pm25,14.8,"{'utc': '2023-11-03T09:00:00+00:00', 'local': '2023-11-03T16:00:00+07:00'}",µg/m³,"{'latitude': 18.840732, 'longitude': 98.96978}",TH,,False,,Governmental Organization,reference grade
225669,"City Hall, Chiangmai",pm25,14.7,"{'utc': '2023-11-03T08:00:00+00:00', 'local': '2023-11-03T15:00:00+07:00'}",µg/m³,"{'latitude': 18.840732, 'longitude': 98.96978}",TH,,False,,Governmental Organization,reference grade
225669,"City Hall, Chiangmai",pm25,14.3,"{'utc': '2023-11-03T06:00:00+00:00', 'local': '2023-11-03T13:00:00+07:00'}",µg/m³,"{'latitude': 18.840732, 'longitude': 98.96978}",TH,,False,,Governmental Organization,reference grade
225669,"City Hall, Chiangmai",pm25,13.9,"{'utc': '2023-11-03T04:00:00+00:00', 'local': '2023-11-03T11:00:00+07:00'}",µg/m³,"{'latitude': 18.840732, 'longitude': 98.96978}",TH,,False,,Governmental Organization,reference grade
225669,"City Hall, Chiangmai",pm25,13.0,"{'utc': '2023-11-03T00:00:00+00:00', 'local': '2023-11-03T07:00:00+07:00'}",µg/m³,"{'latitude': 18.840732, 'longitude': 98.96978}",TH,,False,,Governmental Organization,reference grade
225669,"City Hall, Chiangmai",pm25,12.9,"{'utc': '2023-11-02T23:00:00+00:00', 'local': '2023-11-03T06:00:00+07:00'}",µg/m³,"{'latitude': 18.840732, 'longitude': 98.96978}",TH,,False,,Governmental Organization,reference grade
225669,"City Hall, Chiangmai",pm25,10.7,"{'utc': '2023-11-02T08:00:00+00:00', 'local': '2023-11-02T15:00:00+07:00'}",µg/m³,"{'latitude': 18.840732, 'longitude': 98.96978}",TH,,False,,Governmental Organization,reference grade
225669,"City Hall, Chiangmai",pm25,10.5,"{'utc': '2023-11-02T07:00:00+00:00', 'local': '2023-11-02T14:00:00+07:00'}",µg/m³,"{'latitude': 18.840732, 'longitude': 98.96978}",TH,,False,,Governmental Organization,reference grade
225669,"City Hall, Chiangmai",pm25,10.4,"{'utc': '2023-11-02T05:00:00+00:00', 'local': '2023-11-02T12:00:00+07:00'}",µg/m³,"{'latitude': 18.840732, 'longitude': 98.96978}",TH,,False,,Governmental Organization,reference grade
225669,"City Hall, Chiangmai",pm25,10.4,"{'utc': '2023-11-02T03:00:00+00:00', 'local': '2023-11-02T10:00:00+07:00'}",µg/m³,"{'latitude': 18.840732, 'longitude': 98.96978}",TH,,False,,Governmental Organization,reference grade
225669,"City Hall, Chiangmai",pm25,10.4,"{'utc': '2023-11-02T02:00:00+00:00', 'local': '2023-11-02T09:00:00+07:00'}",µg/m³,"{'latitude': 18.840732, 'longitude': 98.96978}",TH,,False,,Governmental Organization,reference grade
225669,"City Hall, Chiangmai",pm25,10.5,"{'utc': '2023-11-02T01:00:00+00:00', 'local': '2023-11-02T08:00:00+07:00'}",µg/m³,"{'latitude': 18.840732, 'longitude': 98.96978}",TH,,False,,Governmental Organization,reference grade
225669,"City Hall, Chiangmai",pm25,10.1,"{'utc': '2023-11-01T16:00:00+00:00', 'local': '2023-11-01T23:00:00+07:00'}",µg/m³,"{'latitude': 18.840732, 'longitude': 98.96978}",TH,,False,,Governmental Organization,reference grade
225669,"City Hall, Chiangmai",pm25,9.2,"{'utc': '2023-11-01T09:00:00+00:00', 'local': '2023-11-01T16:00:00+07:00'}",µg/m³,"{'latitude': 18.840732, 'longitude': 98.96978}",TH,,False,,Governmental Organization,reference grade
225669,"City Hall, Chiangmai",pm25,9.0,"{'utc': '2023-11-01T06:00:00+00:00', 'local': '2023-11-01T13:00:00+07:00'}",µg/m³,"{'latitude': 18.840732, 'longitude': 98.96978}",TH,,False,,Governmental Organization,reference grade
225669,"City Hall, Chiangmai",pm25,8.6,"{'utc': '2023-11-01T02:00:00+00:00', 'local': '2023-11-01T09:00:00+07:00'}",µg/m³,"{'latitude': 18.840732, 'longitude': 98.96978}",TH,,False,,Governmental Organization,reference grade
